t,event,details
1.8720000000012078,tare_start,
4.914000000000669,tare_done,
13.619000000000597,contact_on,
13.853000000000975,clamp_z,1
14.040000000000873,kwall_down,0.0614->0.0307
14.49200000000019,kwall_down,0.0325->0.0162
14.944999999999709,kwall_down,0.0180->0.0090
20.622999999999593,contact_off,
35.36499999999978,contact_on,
35.64600000000064,clamp_y,1
36.457000000000335,contact_off,
43.60200000000077,contact_on,
44.335000000000946,contact_off,
